Built,n,prop
3.4.0,70,0.32407407407407407
3.4.1,31,0.14351851851851852
3.4.2,29,0.13425925925925927
3.4.3,86,0.39814814814814814
